Market,MarketSize,t,age
1,1.2,1,0
1,1.2,2,1
1,1.2,3,2
1,1.2,4,3
1,1.2,5,0
1,1.2,6,1
1,1.2,7,2
1,1.2,8,0
1,1.2,9,1
1,1.2,10,2
1,1.2,11,3
1,1.2,12,0
1,1.2,13,1
1,1.2,14,2
1,1.2,15,3
1,1.2,16,4
1,1.2,17,0
1,1.2,18,1
1,1.2,19,2
1,1.2,20,3
2,0.7,1,6
2,0.7,2,0
2,0.7,3,1
2,0.7,4,2
2,0.7,5,3
2,0.7,6,4
2,0.7,7,5
2,0.7,8,6
2,0.7,9,0
2,0.7,10,1
2,0.7,11,2
2,0.7,12,0
2,0.7,13,1
2,0.7,14,2
2,0.7,15,3
2,0.7,16,0
2,0.7,17,1
2,0.7,18,2
2,0.7,19,3
2,0.7,20,0
3,0.6,1,6
3,0.6,2,0
3,0.6,3,1
3,0.6,4,2
3,0.6,5,3
3,0.6,6,4
3,0.6,7,0
3,0.6,8,1
3,0.6,9,2
3,0.6,10,3
3,0.6,11,4
3,0.6,12,5
3,0.6,13,6
3,0.6,14,7
3,0.6,15,0
3,0.6,16,1
3,0.6,17,2
3,0.6,18,3
3,0.6,19,4
3,0.6,20,0
4,0.3,1,2
4,0.3,2,3
4,0.3,3,4
4,0.3,4,0
4,0.3,5,1
4,0.3,6,2
4,0.3,7,3
4,0.3,8,4
4,0.3,9,0
4,0.3,10,1
4,0.3,11,2
4,0.3,12,3
4,0.3,13,4
4,0.3,14,5
4,0.3,15,6
4,0.3,16,7
4,0.3,17,0
4,0.3,18,1
4,0.3,19,0
4,0.3,20,1
5,0.9,1,5
5,0.9,2,0
5,0.9,3,1
5,0.9,4,0
5,0.9,5,1
5,0.9,6,2
5,0.9,7,3
5,0.9,8,4
5,0.9,9,5
5,0.9,10,0
5,0.9,11,1
5,0.9,12,2
5,0.9,13,3
5,0.9,14,0
5,0.9,15,1
5,0.9,16,2
5,0.9,17,3
5,0.9,18,4
5,0.9,19,0
5,0.9,20,1
6,0.6,1,4
6,0.6,2,5
6,0.6,3,0
6,0.6,4,1
6,0.6,5,2
6,0.6,6,0
6,0.6,7,1
6,0.6,8,2
6,0.6,9,3
6,0.6,10,0
6,0.6,11,1
6,0.6,12,2
6,0.6,13,3
6,0.6,14,4
6,0.6,15,5
6,0.6,16,0
6,0.6,17,1
6,0.6,18,2
6,0.6,19,0
6,0.6,20,1
7,0.5,1,3
7,0.5,2,4
7,0.5,3,5
7,0.5,4,6
7,0.5,5,7
7,0.5,6,0
7,0.5,7,1
7,0.5,8,2
7,0.5,9,3
7,0.5,10,4
7,0.5,11,5
7,0.5,12,6
7,0.5,13,7
7,0.5,14,0
7,0.5,15,1
7,0.5,16,2
7,0.5,17,0
7,0.5,18,1
7,0.5,19,2
7,0.5,20,3
8,0.3,1,7
8,0.3,2,8
8,0.3,3,9
8,0.3,4,0
8,0.3,5,1
8,0.3,6,2
8,0.3,7,0
8,0.3,8,0
8,0.3,9,1
8,0.3,10,2
8,0.3,11,3
8,0.3,12,4
8,0.3,13,0
8,0.3,14,1
8,0.3,15,2
8,0.3,16,3
8,0.3,17,4
8,0.3,18,5
8,0.3,19,6
8,0.3,20,7
9,1.2,1,1
9,1.2,2,2
9,1.2,3,3
9,1.2,4,4
9,1.2,5,5
9,1.2,6,0
9,1.2,7,0
9,1.2,8,1
9,1.2,9,2
9,1.2,10,3
9,1.2,11,4
9,1.2,12,0
9,1.2,13,1
9,1.2,14,2
9,1.2,15,3
9,1.2,16,0
9,1.2,17,1
9,1.2,18,2
9,1.2,19,3
9,1.2,20,4
10,0.6,1,0
10,0.6,2,1
10,0.6,3,2
10,0.6,4,3
10,0.6,5,4
10,0.6,6,5
10,0.6,7,0
10,0.6,8,1
10,0.6,9,2
10,0.6,10,3
10,0.6,11,4
10,0.6,12,0
10,0.6,13,1
10,0.6,14,2
10,0.6,15,3
10,0.6,16,4
10,0.6,17,0
10,0.6,18,0
10,0.6,19,1
10,0.6,20,2
11,0.5,1,8
11,0.5,2,0
11,0.5,3,1
11,0.5,4,2
11,0.5,5,3
11,0.5,6,0
11,0.5,7,1
11,0.5,8,2
11,0.5,9,3
11,0.5,10,4
11,0.5,11,5
11,0.5,12,6
11,0.5,13,7
11,0.5,14,8
11,0.5,15,0
11,0.5,16,1
11,0.5,17,2
11,0.5,18,3
11,0.5,19,4
11,0.5,20,5
12,1.3,1,3
12,1.3,2,0
12,1.3,3,1
12,1.3,4,2
12,1.3,5,0
12,1.3,6,1
12,1.3,7,2
12,1.3,8,3
12,1.3,9,4
12,1.3,10,5
12,1.3,11,0
12,1.3,12,1
12,1.3,13,2
12,1.3,14,3
12,1.3,15,4
12,1.3,16,5
12,1.3,17,6
12,1.3,18,0
12,1.3,19,1
12,1.3,20,2
13,1.1,1,1
13,1.1,2,0
13,1.1,3,1
13,1.1,4,2
13,1.1,5,3
13,1.1,6,4
13,1.1,7,5
13,1.1,8,6
13,1.1,9,0
13,1.1,10,1
13,1.1,11,2
13,1.1,12,3
13,1.1,13,0
13,1.1,14,1
13,1.1,15,0
13,1.1,16,1
13,1.1,17,2
13,1.1,18,3
13,1.1,19,4
13,1.1,20,0
14,1.4,1,0
14,1.4,2,1
14,1.4,3,2
14,1.4,4,0
14,1.4,5,1
14,1.4,6,2
14,1.4,7,3
14,1.4,8,4
14,1.4,9,5
14,1.4,10,0
14,1.4,11,1
14,1.4,12,0
14,1.4,13,1
14,1.4,14,2
14,1.4,15,0
14,1.4,16,1
14,1.4,17,2
14,1.4,18,3
14,1.4,19,0
14,1.4,20,1
15,0.9,1,6
15,0.9,2,0
15,0.9,3,1
15,0.9,4,2
15,0.9,5,0
15,0.9,6,1
15,0.9,7,2
15,0.9,8,3
15,0.9,9,0
15,0.9,10,1
15,0.9,11,0
15,0.9,12,1
15,0.9,13,2
15,0.9,14,0
15,0.9,15,1
15,0.9,16,0
15,0.9,17,1
15,0.9,18,2
15,0.9,19,3
15,0.9,20,0
16,1,1,0
16,1,2,1
16,1,3,2
16,1,4,3
16,1,5,4
16,1,6,5
16,1,7,0
16,1,8,1
16,1,9,2
16,1,10,3
16,1,11,4
16,1,12,5
16,1,13,6
16,1,14,0
16,1,15,1
16,1,16,2
16,1,17,0
16,1,18,1
16,1,19,2
16,1,20,3
17,0.5,1,8
17,0.5,2,0
17,0.5,3,1
17,0.5,4,2
17,0.5,5,3
17,0.5,6,4
17,0.5,7,5
17,0.5,8,0
17,0.5,9,1
17,0.5,10,2
17,0.5,11,3
17,0.5,12,0
17,0.5,13,1
17,0.5,14,2
17,0.5,15,0
17,0.5,16,1
17,0.5,17,2
17,0.5,18,3
17,0.5,19,4
17,0.5,20,5
18,0.8,1,6
18,0.8,2,7
18,0.8,3,8
18,0.8,4,0
18,0.8,5,1
18,0.8,6,2
18,0.8,7,0
18,0.8,8,1
18,0.8,9,2
18,0.8,10,3
18,0.8,11,4
18,0.8,12,0
18,0.8,13,1
18,0.8,14,2
18,0.8,15,0
18,0.8,16,1
18,0.8,17,2
18,0.8,18,0
18,0.8,19,1
18,0.8,20,0
19,0.7,1,7
19,0.7,2,0
19,0.7,3,1
19,0.7,4,2
19,0.7,5,3
19,0.7,6,4
19,0.7,7,5
19,0.7,8,6
19,0.7,9,0
19,0.7,10,1
19,0.7,11,2
19,0.7,12,3
19,0.7,13,4
19,0.7,14,5
19,0.7,15,0
19,0.7,16,1
19,0.7,17,2
19,0.7,18,3
19,0.7,19,4
19,0.7,20,5
20,0.9,1,2
20,0.9,2,0
20,0.9,3,1
20,0.9,4,2
20,0.9,5,3
20,0.9,6,4
20,0.9,7,5
20,0.9,8,6
20,0.9,9,0
20,0.9,10,1
20,0.9,11,2
20,0.9,12,3
20,0.9,13,4
20,0.9,14,5
20,0.9,15,6
20,0.9,16,0
20,0.9,17,1
20,0.9,18,2
20,0.9,19,0
20,0.9,20,1
21,0.8,1,1
21,0.8,2,2
21,0.8,3,3
21,0.8,4,4
21,0.8,5,5
21,0.8,6,0
21,0.8,7,1
21,0.8,8,2
21,0.8,9,3
21,0.8,10,4
21,0.8,11,5
21,0.8,12,0
21,0.8,13,1
21,0.8,14,2
21,0.8,15,0
21,0.8,16,0
21,0.8,17,1
21,0.8,18,2
21,0.8,19,3
21,0.8,20,0
22,0.8,1,8
22,0.8,2,9
22,0.8,3,0
22,0.8,4,1
22,0.8,5,2
22,0.8,6,3
22,0.8,7,4
22,0.8,8,5
22,0.8,9,6
22,0.8,10,7
22,0.8,11,0
22,0.8,12,1
22,0.8,13,2
22,0.8,14,3
22,0.8,15,4
22,0.8,16,0
22,0.8,17,1
22,0.8,18,2
22,0.8,19,0
22,0.8,20,1
23,1.5,1,6
23,1.5,2,0
23,1.5,3,1
23,1.5,4,2
23,1.5,5,3
23,1.5,6,0
23,1.5,7,1
23,1.5,8,0
23,1.5,9,1
23,1.5,10,0
23,1.5,11,1
23,1.5,12,2
23,1.5,13,0
23,1.5,14,1
23,1.5,15,2
23,1.5,16,0
23,1.5,17,0
23,1.5,18,1
23,1.5,19,0
23,1.5,20,1
24,0.7,1,0
24,0.7,2,1
24,0.7,3,0
24,0.7,4,1
24,0.7,5,2
24,0.7,6,0
24,0.7,7,1
24,0.7,8,2
24,0.7,9,3
24,0.7,10,4
24,0.7,11,5
24,0.7,12,6
24,0.7,13,0
24,0.7,14,1
24,0.7,15,2
24,0.7,16,3
24,0.7,17,0
24,0.7,18,1
24,0.7,19,2
24,0.7,20,3
25,1,1,0
25,1,2,0
25,1,3,1
25,1,4,2
25,1,5,3
25,1,6,0
25,1,7,1
25,1,8,2
25,1,9,3
25,1,10,4
25,1,11,5
25,1,12,0
25,1,13,1
25,1,14,2
25,1,15,3
25,1,16,0
25,1,17,1
25,1,18,2
25,1,19,0
25,1,20,1
26,1.4,1,8
26,1.4,2,0
26,1.4,3,1
26,1.4,4,2
26,1.4,5,3
26,1.4,6,4
26,1.4,7,0
26,1.4,8,1
26,1.4,9,2
26,1.4,10,0
26,1.4,11,1
26,1.4,12,0
26,1.4,13,1
26,1.4,14,2
26,1.4,15,3
26,1.4,16,0
26,1.4,17,1
26,1.4,18,2
26,1.4,19,0
26,1.4,20,1
27,1.1,1,2
27,1.1,2,3
27,1.1,3,4
27,1.1,4,5
27,1.1,5,0
27,1.1,6,1
27,1.1,7,2
27,1.1,8,3
27,1.1,9,4
27,1.1,10,0
27,1.1,11,1
27,1.1,12,2
27,1.1,13,3
27,1.1,14,0
27,1.1,15,1
27,1.1,16,2
27,1.1,17,3
27,1.1,18,0
27,1.1,19,0
27,1.1,20,1
28,0.4,1,4
28,0.4,2,0
28,0.4,3,1
28,0.4,4,2
28,0.4,5,3
28,0.4,6,0
28,0.4,7,1
28,0.4,8,2
28,0.4,9,3
28,0.4,10,4
28,0.4,11,0
28,0.4,12,1
28,0.4,13,2
28,0.4,14,3
28,0.4,15,4
28,0.4,16,0
28,0.4,17,1
28,0.4,18,2
28,0.4,19,3
28,0.4,20,4
29,0.7,1,7
29,0.7,2,0
29,0.7,3,1
29,0.7,4,2
29,0.7,5,3
29,0.7,6,4
29,0.7,7,0
29,0.7,8,1
29,0.7,9,2
29,0.7,10,3
29,0.7,11,0
29,0.7,12,0
29,0.7,13,1
29,0.7,14,2
29,0.7,15,3
29,0.7,16,4
29,0.7,17,0
29,0.7,18,1
29,0.7,19,2
29,0.7,20,3
30,0.2,1,6
30,0.2,2,7
30,0.2,3,0
30,0.2,4,1
30,0.2,5,0
30,0.2,6,1
30,0.2,7,2
30,0.2,8,0
30,0.2,9,1
30,0.2,10,2
30,0.2,11,0
30,0.2,12,0
30,0.2,13,1
30,0.2,14,2
30,0.2,15,3
30,0.2,16,4
30,0.2,17,5
30,0.2,18,6
30,0.2,19,7
30,0.2,20,8
31,0.6,1,2
31,0.6,2,3
31,0.6,3,4
31,0.6,4,5
31,0.6,5,6
31,0.6,6,7
31,0.6,7,0
31,0.6,8,1
31,0.6,9,2
31,0.6,10,3
31,0.6,11,4
31,0.6,12,5
31,0.6,13,0
31,0.6,14,1
31,0.6,15,2
31,0.6,16,3
31,0.6,17,4
31,0.6,18,0
31,0.6,19,1
31,0.6,20,2
32,0.5,1,7
32,0.5,2,8
32,0.5,3,9
32,0.5,4,10
32,0.5,5,0
32,0.5,6,1
32,0.5,7,0
32,0.5,8,1
32,0.5,9,2
32,0.5,10,3
32,0.5,11,4
32,0.5,12,5
32,0.5,13,0
32,0.5,14,0
32,0.5,15,1
32,0.5,16,2
32,0.5,17,0
32,0.5,18,1
32,0.5,19,2
32,0.5,20,3
33,0.4,1,3
33,0.4,2,4
33,0.4,3,5
33,0.4,4,6
33,0.4,5,7
33,0.4,6,8
33,0.4,7,9
33,0.4,8,10
33,0.4,9,0
33,0.4,10,1
33,0.4,11,2
33,0.4,12,3
33,0.4,13,4
33,0.4,14,5
33,0.4,15,0
33,0.4,16,1
33,0.4,17,2
33,0.4,18,3
33,0.4,19,4
33,0.4,20,5
34,0.9,1,5
34,0.9,2,0
34,0.9,3,1
34,0.9,4,2
34,0.9,5,3
34,0.9,6,4
34,0.9,7,0
34,0.9,8,1
34,0.9,9,0
34,0.9,10,1
34,0.9,11,2
34,0.9,12,3
34,0.9,13,4
34,0.9,14,5
34,0.9,15,0
34,0.9,16,1
34,0.9,17,2
34,0.9,18,3
34,0.9,19,4
34,0.9,20,0
35,0.3,1,6
35,0.3,2,7
35,0.3,3,8
35,0.3,4,9
35,0.3,5,10
35,0.3,6,10
35,0.3,7,10
35,0.3,8,0
35,0.3,9,0
35,0.3,10,1
35,0.3,11,2
35,0.3,12,3
35,0.3,13,4
35,0.3,14,5
35,0.3,15,6
35,0.3,16,7
35,0.3,17,8
35,0.3,18,9
35,0.3,19,10
35,0.3,20,0
36,1.2,1,3
36,1.2,2,4
36,1.2,3,0
36,1.2,4,1
36,1.2,5,2
36,1.2,6,3
36,1.2,7,4
36,1.2,8,5
36,1.2,9,0
36,1.2,10,1
36,1.2,11,2
36,1.2,12,3
36,1.2,13,4
36,1.2,14,0
36,1.2,15,1
36,1.2,16,2
36,1.2,17,0
36,1.2,18,1
36,1.2,19,2
36,1.2,20,0
37,1.2,1,4
37,1.2,2,0
37,1.2,3,1
37,1.2,4,2
37,1.2,5,3
37,1.2,6,4
37,1.2,7,5
37,1.2,8,6
37,1.2,9,0
37,1.2,10,1
37,1.2,11,2
37,1.2,12,3
37,1.2,13,4
37,1.2,14,5
37,1.2,15,0
37,1.2,16,1
37,1.2,17,2
37,1.2,18,3
37,1.2,19,0
37,1.2,20,1
38,0.3,1,8
38,0.3,2,9
38,0.3,3,0
38,0.3,4,1
38,0.3,5,2
38,0.3,6,3
38,0.3,7,4
38,0.3,8,5
38,0.3,9,6
38,0.3,10,7
38,0.3,11,0
38,0.3,12,1
38,0.3,13,2
38,0.3,14,3
38,0.3,15,4
38,0.3,16,0
38,0.3,17,1
38,0.3,18,2
38,0.3,19,3
38,0.3,20,4
39,0.5,1,1
39,0.5,2,2
39,0.5,3,3
39,0.5,4,4
39,0.5,5,5
39,0.5,6,6
39,0.5,7,0
39,0.5,8,1
39,0.5,9,2
39,0.5,10,3
39,0.5,11,0
39,0.5,12,1
39,0.5,13,2
39,0.5,14,3
39,0.5,15,4
39,0.5,16,0
39,0.5,17,1
39,0.5,18,2
39,0.5,19,3
39,0.5,20,4
40,1.1,1,2
40,1.1,2,3
40,1.1,3,4
40,1.1,4,5
40,1.1,5,6
40,1.1,6,0
40,1.1,7,1
40,1.1,8,2
40,1.1,9,3
40,1.1,10,0
40,1.1,11,1
40,1.1,12,2
40,1.1,13,3
40,1.1,14,4
40,1.1,15,0
40,1.1,16,0
40,1.1,17,0
40,1.1,18,1
40,1.1,19,2
40,1.1,20,0
41,1.2,1,6
41,1.2,2,7
41,1.2,3,0
41,1.2,4,1
41,1.2,5,2
41,1.2,6,3
41,1.2,7,4
41,1.2,8,0
41,1.2,9,1
41,1.2,10,2
41,1.2,11,3
41,1.2,12,0
41,1.2,13,1
41,1.2,14,2
41,1.2,15,3
41,1.2,16,0
41,1.2,17,1
41,1.2,18,2
41,1.2,19,3
41,1.2,20,0
42,0.7,1,8
42,0.7,2,0
42,0.7,3,1
42,0.7,4,2
42,0.7,5,3
42,0.7,6,0
42,0.7,7,1
42,0.7,8,2
42,0.7,9,3
42,0.7,10,4
42,0.7,11,5
42,0.7,12,6
42,0.7,13,0
42,0.7,14,1
42,0.7,15,2
42,0.7,16,3
42,0.7,17,4
42,0.7,18,0
42,0.7,19,1
42,0.7,20,2
43,1.3,1,0
43,1.3,2,1
43,1.3,3,2
43,1.3,4,3
43,1.3,5,0
43,1.3,6,1
43,1.3,7,2
43,1.3,8,3
43,1.3,9,4
43,1.3,10,5
43,1.3,11,0
43,1.3,12,1
43,1.3,13,2
43,1.3,14,0
43,1.3,15,1
43,1.3,16,2
43,1.3,17,3
43,1.3,18,4
43,1.3,19,5
43,1.3,20,0
44,0.4,1,5
44,0.4,2,6
44,0.4,3,7
44,0.4,4,0
44,0.4,5,1
44,0.4,6,2
44,0.4,7,0
44,0.4,8,1
44,0.4,9,2
44,0.4,10,3
44,0.4,11,4
44,0.4,12,5
44,0.4,13,0
44,0.4,14,1
44,0.4,15,2
44,0.4,16,3
44,0.4,17,0
44,0.4,18,1
44,0.4,19,0
44,0.4,20,1
45,1.2,1,1
45,1.2,2,2
45,1.2,3,3
45,1.2,4,4
45,1.2,5,0
45,1.2,6,1
45,1.2,7,2
45,1.2,8,0
45,1.2,9,1
45,1.2,10,2
45,1.2,11,3
45,1.2,12,0
45,1.2,13,1
45,1.2,14,0
45,1.2,15,1
45,1.2,16,2
45,1.2,17,3
45,1.2,18,4
45,1.2,19,5
45,1.2,20,0
46,0.7,1,1
46,0.7,2,0
46,0.7,3,1
46,0.7,4,2
46,0.7,5,3
46,0.7,6,0
46,0.7,7,1
46,0.7,8,2
46,0.7,9,0
46,0.7,10,1
46,0.7,11,2
46,0.7,12,3
46,0.7,13,4
46,0.7,14,0
46,0.7,15,1
46,0.7,16,2
46,0.7,17,3
46,0.7,18,4
46,0.7,19,0
46,0.7,20,1
47,0.9,1,7
47,0.9,2,0
47,0.9,3,1
47,0.9,4,2
47,0.9,5,3
47,0.9,6,4
47,0.9,7,0
47,0.9,8,1
47,0.9,9,2
47,0.9,10,3
47,0.9,11,0
47,0.9,12,1
47,0.9,13,2
47,0.9,14,3
47,0.9,15,4
47,0.9,16,0
47,0.9,17,1
47,0.9,18,2
47,0.9,19,3
47,0.9,20,0
48,1.3,1,2
48,1.3,2,3
48,1.3,3,4
48,1.3,4,0
48,1.3,5,1
48,1.3,6,2
48,1.3,7,3
48,1.3,8,0
48,1.3,9,1
48,1.3,10,2
48,1.3,11,3
48,1.3,12,0
48,1.3,13,1
48,1.3,14,2
48,1.3,15,3
48,1.3,16,4
48,1.3,17,5
48,1.3,18,0
48,1.3,19,1
48,1.3,20,2
49,0.3,1,0
49,0.3,2,1
49,0.3,3,2
49,0.3,4,3
49,0.3,5,4
49,0.3,6,5
49,0.3,7,6
49,0.3,8,0
49,0.3,9,1
49,0.3,10,2
49,0.3,11,0
49,0.3,12,1
49,0.3,13,2
49,0.3,14,3
49,0.3,15,4
49,0.3,16,5
49,0.3,17,6
49,0.3,18,7
49,0.3,19,8
49,0.3,20,0
50,1,1,2
50,1,2,3
50,1,3,4
50,1,4,5
50,1,5,6
50,1,6,0
50,1,7,1
50,1,8,2
50,1,9,0
50,1,10,1
50,1,11,2
50,1,12,3
50,1,13,4
50,1,14,0
50,1,15,1
50,1,16,2
50,1,17,3
50,1,18,0
50,1,19,1
50,1,20,2
51,1.1,1,1
51,1.1,2,2
51,1.1,3,3
51,1.1,4,4
51,1.1,5,0
51,1.1,6,1
51,1.1,7,2
51,1.1,8,0
51,1.1,9,1
51,1.1,10,2
51,1.1,11,3
51,1.1,12,4
51,1.1,13,5
51,1.1,14,6
51,1.1,15,0
51,1.1,16,1
51,1.1,17,0
51,1.1,18,1
51,1.1,19,2
51,1.1,20,3
52,1.3,1,6
52,1.3,2,0
52,1.3,3,1
52,1.3,4,2
52,1.3,5,3
52,1.3,6,4
52,1.3,7,5
52,1.3,8,0
52,1.3,9,1
52,1.3,10,2
52,1.3,11,3
52,1.3,12,0
52,1.3,13,1
52,1.3,14,2
52,1.3,15,3
52,1.3,16,4
52,1.3,17,0
52,1.3,18,1
52,1.3,19,2
52,1.3,20,3
53,1.4,1,0
53,1.4,2,0
53,1.4,3,0
53,1.4,4,1
53,1.4,5,2
53,1.4,6,3
53,1.4,7,0
53,1.4,8,1
53,1.4,9,2
53,1.4,10,3
53,1.4,11,4
53,1.4,12,5
53,1.4,13,0
53,1.4,14,1
53,1.4,15,0
53,1.4,16,1
53,1.4,17,2
53,1.4,18,3
53,1.4,19,0
53,1.4,20,1
54,1.4,1,8
54,1.4,2,0
54,1.4,3,1
54,1.4,4,2
54,1.4,5,0
54,1.4,6,1
54,1.4,7,2
54,1.4,8,3
54,1.4,9,4
54,1.4,10,0
54,1.4,11,1
54,1.4,12,2
54,1.4,13,3
54,1.4,14,0
54,1.4,15,1
54,1.4,16,2
54,1.4,17,3
54,1.4,18,4
54,1.4,19,5
54,1.4,20,0
55,1.4,1,0
55,1.4,2,1
55,1.4,3,2
55,1.4,4,3
55,1.4,5,4
55,1.4,6,5
55,1.4,7,0
55,1.4,8,1
55,1.4,9,2
55,1.4,10,3
55,1.4,11,4
55,1.4,12,5
55,1.4,13,0
55,1.4,14,1
55,1.4,15,2
55,1.4,16,3
55,1.4,17,4
55,1.4,18,5
55,1.4,19,0
55,1.4,20,1
56,0.5,1,6
56,0.5,2,7
56,0.5,3,0
56,0.5,4,1
56,0.5,5,2
56,0.5,6,3
56,0.5,7,4
56,0.5,8,5
56,0.5,9,0
56,0.5,10,1
56,0.5,11,2
56,0.5,12,3
56,0.5,13,0
56,0.5,14,1
56,0.5,15,0
56,0.5,16,1
56,0.5,17,2
56,0.5,18,0
56,0.5,19,1
56,0.5,20,2
57,1.4,1,6
57,1.4,2,7
57,1.4,3,0
57,1.4,4,1
57,1.4,5,2
57,1.4,6,3
57,1.4,7,4
57,1.4,8,0
57,1.4,9,1
57,1.4,10,2
57,1.4,11,3
57,1.4,12,0
57,1.4,13,1
57,1.4,14,2
57,1.4,15,3
57,1.4,16,0
57,1.4,17,1
57,1.4,18,2
57,1.4,19,3
57,1.4,20,4
58,0.6,1,4
58,0.6,2,5
58,0.6,3,0
58,0.6,4,1
58,0.6,5,2
58,0.6,6,3
58,0.6,7,0
58,0.6,8,1
58,0.6,9,2
58,0.6,10,0
58,0.6,11,1
58,0.6,12,2
58,0.6,13,3
58,0.6,14,4
58,0.6,15,0
58,0.6,16,1
58,0.6,17,2
58,0.6,18,3
58,0.6,19,4
58,0.6,20,5
59,1,1,1
59,1,2,2
59,1,3,3
59,1,4,4
59,1,5,5
59,1,6,0
59,1,7,1
59,1,8,2
59,1,9,0
59,1,10,1
59,1,11,2
59,1,12,3
59,1,13,0
59,1,14,1
59,1,15,2
59,1,16,3
59,1,17,0
59,1,18,1
59,1,19,2
59,1,20,3
60,1.3,1,3
60,1.3,2,0
60,1.3,3,1
60,1.3,4,2
60,1.3,5,0
60,1.3,6,1
60,1.3,7,2
60,1.3,8,3
60,1.3,9,0
60,1.3,10,1
60,1.3,11,2
60,1.3,12,0
60,1.3,13,1
60,1.3,14,2
60,1.3,15,3
60,1.3,16,4
60,1.3,17,5
60,1.3,18,0
60,1.3,19,1
60,1.3,20,2
61,0.8,1,3
61,0.8,2,4
61,0.8,3,0
61,0.8,4,1
61,0.8,5,0
61,0.8,6,0
61,0.8,7,1
61,0.8,8,2
61,0.8,9,3
61,0.8,10,4
61,0.8,11,5
61,0.8,12,6
61,0.8,13,7
61,0.8,14,0
61,0.8,15,1
61,0.8,16,2
61,0.8,17,3
61,0.8,18,0
61,0.8,19,1
61,0.8,20,2
62,1.3,1,5
62,1.3,2,0
62,1.3,3,1
62,1.3,4,2
62,1.3,5,0
62,1.3,6,1
62,1.3,7,0
62,1.3,8,1
62,1.3,9,2
62,1.3,10,0
62,1.3,11,1
62,1.3,12,2
62,1.3,13,3
62,1.3,14,4
62,1.3,15,5
62,1.3,16,0
62,1.3,17,1
62,1.3,18,2
62,1.3,19,3
62,1.3,20,4
63,0.7,1,7
63,0.7,2,8
63,0.7,3,0
63,0.7,4,1
63,0.7,5,0
63,0.7,6,1
63,0.7,7,2
63,0.7,8,3
63,0.7,9,0
63,0.7,10,1
63,0.7,11,0
63,0.7,12,1
63,0.7,13,2
63,0.7,14,3
63,0.7,15,4
63,0.7,16,0
63,0.7,17,1
63,0.7,18,2
63,0.7,19,3
63,0.7,20,4
64,1.4,1,2
64,1.4,2,3
64,1.4,3,4
64,1.4,4,0
64,1.4,5,1
64,1.4,6,2
64,1.4,7,3
64,1.4,8,0
64,1.4,9,1
64,1.4,10,2
64,1.4,11,3
64,1.4,12,0
64,1.4,13,1
64,1.4,14,2
64,1.4,15,3
64,1.4,16,4
64,1.4,17,0
64,1.4,18,1
64,1.4,19,2
64,1.4,20,0
65,1.5,1,6
65,1.5,2,0
65,1.5,3,1
65,1.5,4,2
65,1.5,5,0
65,1.5,6,1
65,1.5,7,2
65,1.5,8,3
65,1.5,9,4
65,1.5,10,5
65,1.5,11,0
65,1.5,12,1
65,1.5,13,2
65,1.5,14,0
65,1.5,15,1
65,1.5,16,2
65,1.5,17,3
65,1.5,18,4
65,1.5,19,0
65,1.5,20,1
66,1,1,7
66,1,2,0
66,1,3,1
66,1,4,2
66,1,5,3
66,1,6,4
66,1,7,5
66,1,8,0
66,1,9,1
66,1,10,2
66,1,11,0
66,1,12,1
66,1,13,2
66,1,14,3
66,1,15,4
66,1,16,0
66,1,17,1
66,1,18,2
66,1,19,3
66,1,20,4
67,1.4,1,5
67,1.4,2,0
67,1.4,3,1
67,1.4,4,2
67,1.4,5,3
67,1.4,6,4
67,1.4,7,5
67,1.4,8,0
67,1.4,9,1
67,1.4,10,2
67,1.4,11,0
67,1.4,12,1
67,1.4,13,2
67,1.4,14,3
67,1.4,15,0
67,1.4,16,1
67,1.4,17,2
67,1.4,18,3
67,1.4,19,0
67,1.4,20,1
68,1.1,1,5
68,1.1,2,0
68,1.1,3,1
68,1.1,4,2
68,1.1,5,3
68,1.1,6,4
68,1.1,7,0
68,1.1,8,1
68,1.1,9,2
68,1.1,10,3
68,1.1,11,4
68,1.1,12,0
68,1.1,13,1
68,1.1,14,2
68,1.1,15,3
68,1.1,16,4
68,1.1,17,0
68,1.1,18,1
68,1.1,19,2
68,1.1,20,3
69,0.6,1,2
69,0.6,2,3
69,0.6,3,4
69,0.6,4,5
69,0.6,5,6
69,0.6,6,0
69,0.6,7,1
69,0.6,8,2
69,0.6,9,3
69,0.6,10,4
69,0.6,11,5
69,0.6,12,0
69,0.6,13,1
69,0.6,14,2
69,0.6,15,3
69,0.6,16,4
69,0.6,17,0
69,0.6,18,1
69,0.6,19,2
69,0.6,20,3
70,1.5,1,7
70,1.5,2,0
70,1.5,3,1
70,1.5,4,2
70,1.5,5,0
70,1.5,6,1
70,1.5,7,2
70,1.5,8,3
70,1.5,9,0
70,1.5,10,1
70,1.5,11,2
70,1.5,12,0
70,1.5,13,1
70,1.5,14,2
70,1.5,15,3
70,1.5,16,4
70,1.5,17,0
70,1.5,18,1
70,1.5,19,2
70,1.5,20,3
71,0.3,1,0
71,0.3,2,1
71,0.3,3,2
71,0.3,4,0
71,0.3,5,1
71,0.3,6,2
71,0.3,7,3
71,0.3,8,4
71,0.3,9,5
71,0.3,10,6
71,0.3,11,7
71,0.3,12,0
71,0.3,13,1
71,0.3,14,2
71,0.3,15,3
71,0.3,16,4
71,0.3,17,5
71,0.3,18,6
71,0.3,19,7
71,0.3,20,8
72,1,1,0
72,1,2,1
72,1,3,2
72,1,4,3
72,1,5,0
72,1,6,1
72,1,7,2
72,1,8,3
72,1,9,0
72,1,10,1
72,1,11,2
72,1,12,3
72,1,13,4
72,1,14,5
72,1,15,0
72,1,16,1
72,1,17,2
72,1,18,0
72,1,19,1
72,1,20,2
73,0.6,1,0
73,0.6,2,1
73,0.6,3,2
73,0.6,4,3
73,0.6,5,4
73,0.6,6,5
73,0.6,7,6
73,0.6,8,7
73,0.6,9,0
73,0.6,10,1
73,0.6,11,2
73,0.6,12,3
73,0.6,13,4
73,0.6,14,5
73,0.6,15,0
73,0.6,16,1
73,0.6,17,2
73,0.6,18,3
73,0.6,19,4
73,0.6,20,5
74,1,1,1
74,1,2,2
74,1,3,3
74,1,4,4
74,1,5,0
74,1,6,1
74,1,7,2
74,1,8,3
74,1,9,4
74,1,10,5
74,1,11,6
74,1,12,0
74,1,13,1
74,1,14,2
74,1,15,3
74,1,16,4
74,1,17,0
74,1,18,1
74,1,19,2
74,1,20,3
75,0.8,1,1
75,0.8,2,2
75,0.8,3,3
75,0.8,4,0
75,0.8,5,1
75,0.8,6,2
75,0.8,7,3
75,0.8,8,4
75,0.8,9,0
75,0.8,10,1
75,0.8,11,2
75,0.8,12,3
75,0.8,13,0
75,0.8,14,1
75,0.8,15,0
75,0.8,16,1
75,0.8,17,2
75,0.8,18,0
75,0.8,19,1
75,0.8,20,2
76,0.2,1,1
76,0.2,2,2
76,0.2,3,3
76,0.2,4,4
76,0.2,5,5
76,0.2,6,0
76,0.2,7,1
76,0.2,8,2
76,0.2,9,3
76,0.2,10,4
76,0.2,11,5
76,0.2,12,0
76,0.2,13,1
76,0.2,14,2
76,0.2,15,0
76,0.2,16,1
76,0.2,17,2
76,0.2,18,3
76,0.2,19,4
76,0.2,20,5
77,0.4,1,1
77,0.4,2,2
77,0.4,3,3
77,0.4,4,4
77,0.4,5,5
77,0.4,6,6
77,0.4,7,0
77,0.4,8,1
77,0.4,9,0
77,0.4,10,1
77,0.4,11,2
77,0.4,12,3
77,0.4,13,4
77,0.4,14,0
77,0.4,15,1
77,0.4,16,2
77,0.4,17,3
77,0.4,18,4
77,0.4,19,5
77,0.4,20,6
78,0.8,1,6
78,0.8,2,0
78,0.8,3,1
78,0.8,4,2
78,0.8,5,3
78,0.8,6,0
78,0.8,7,1
78,0.8,8,2
78,0.8,9,3
78,0.8,10,4
78,0.8,11,0
78,0.8,12,1
78,0.8,13,2
78,0.8,14,3
78,0.8,15,0
78,0.8,16,1
78,0.8,17,2
78,0.8,18,3
78,0.8,19,4
78,0.8,20,0
79,0.6,1,5
79,0.6,2,0
79,0.6,3,1
79,0.6,4,2
79,0.6,5,0
79,0.6,6,1
79,0.6,7,2
79,0.6,8,3
79,0.6,9,0
79,0.6,10,1
79,0.6,11,0
79,0.6,12,1
79,0.6,13,2
79,0.6,14,3
79,0.6,15,0
79,0.6,16,1
79,0.6,17,2
79,0.6,18,3
79,0.6,19,4
79,0.6,20,5
80,0.2,1,3
80,0.2,2,4
80,0.2,3,5
80,0.2,4,6
80,0.2,5,7
80,0.2,6,0
80,0.2,7,1
80,0.2,8,2
80,0.2,9,3
80,0.2,10,4
80,0.2,11,5
80,0.2,12,6
80,0.2,13,0
80,0.2,14,1
80,0.2,15,0
80,0.2,16,1
80,0.2,17,2
80,0.2,18,0
80,0.2,19,1
80,0.2,20,2
81,0.9,1,3
81,0.9,2,4
81,0.9,3,5
81,0.9,4,6
81,0.9,5,7
81,0.9,6,8
81,0.9,7,9
81,0.9,8,0
81,0.9,9,1
81,0.9,10,2
81,0.9,11,3
81,0.9,12,0
81,0.9,13,1
81,0.9,14,2
81,0.9,15,3
81,0.9,16,0
81,0.9,17,1
81,0.9,18,2
81,0.9,19,3
81,0.9,20,4
82,1,1,7
82,1,2,0
82,1,3,1
82,1,4,2
82,1,5,3
82,1,6,0
82,1,7,1
82,1,8,2
82,1,9,3
82,1,10,0
82,1,11,1
82,1,12,2
82,1,13,3
82,1,14,4
82,1,15,0
82,1,16,1
82,1,17,2
82,1,18,3
82,1,19,4
82,1,20,0
83,0.2,1,0
83,0.2,2,1
83,0.2,3,2
83,0.2,4,3
83,0.2,5,0
83,0.2,6,1
83,0.2,7,2
83,0.2,8,3
83,0.2,9,0
83,0.2,10,1
83,0.2,11,2
83,0.2,12,3
83,0.2,13,4
83,0.2,14,5
83,0.2,15,6
83,0.2,16,7
83,0.2,17,8
83,0.2,18,0
83,0.2,19,1
83,0.2,20,2
84,0.9,1,4
84,0.9,2,5
84,0.9,3,6
84,0.9,4,7
84,0.9,5,0
84,0.9,6,0
84,0.9,7,1
84,0.9,8,2
84,0.9,9,3
84,0.9,10,4
84,0.9,11,5
84,0.9,12,6
84,0.9,13,0
84,0.9,14,1
84,0.9,15,2
84,0.9,16,3
84,0.9,17,0
84,0.9,18,1
84,0.9,19,2
84,0.9,20,3
85,0.3,1,0
85,0.3,2,1
85,0.3,3,2
85,0.3,4,3
85,0.3,5,4
85,0.3,6,5
85,0.3,7,0
85,0.3,8,1
85,0.3,9,2
85,0.3,10,3
85,0.3,11,0
85,0.3,12,1
85,0.3,13,2
85,0.3,14,3
85,0.3,15,4
85,0.3,16,5
85,0.3,17,6
85,0.3,18,7
85,0.3,19,0
85,0.3,20,1
86,1.1,1,2
86,1.1,2,3
86,1.1,3,4
86,1.1,4,0
86,1.1,5,1
86,1.1,6,2
86,1.1,7,3
86,1.1,8,4
86,1.1,9,5
86,1.1,10,6
86,1.1,11,7
86,1.1,12,8
86,1.1,13,0
86,1.1,14,1
86,1.1,15,2
86,1.1,16,3
86,1.1,17,4
86,1.1,18,5
86,1.1,19,0
86,1.1,20,1
87,0.4,1,5
87,0.4,2,6
87,0.4,3,7
87,0.4,4,8
87,0.4,5,0
87,0.4,6,1
87,0.4,7,2
87,0.4,8,3
87,0.4,9,0
87,0.4,10,1
87,0.4,11,2
87,0.4,12,3
87,0.4,13,4
87,0.4,14,0
87,0.4,15,1
87,0.4,16,2
87,0.4,17,3
87,0.4,18,4
87,0.4,19,5
87,0.4,20,0
88,0.7,1,1
88,0.7,2,2
88,0.7,3,3
88,0.7,4,4
88,0.7,5,5
88,0.7,6,0
88,0.7,7,1
88,0.7,8,2
88,0.7,9,3
88,0.7,10,4
88,0.7,11,0
88,0.7,12,0
88,0.7,13,1
88,0.7,14,2
88,0.7,15,3
88,0.7,16,4
88,0.7,17,5
88,0.7,18,6
88,0.7,19,0
88,0.7,20,1
89,1.5,1,1
89,1.5,2,2
89,1.5,3,3
89,1.5,4,0
89,1.5,5,1
89,1.5,6,2
89,1.5,7,0
89,1.5,8,1
89,1.5,9,2
89,1.5,10,3
89,1.5,11,4
89,1.5,12,0
89,1.5,13,1
89,1.5,14,2
89,1.5,15,3
89,1.5,16,0
89,1.5,17,1
89,1.5,18,2
89,1.5,19,3
89,1.5,20,0
90,1.5,1,1
90,1.5,2,2
90,1.5,3,3
90,1.5,4,0
90,1.5,5,1
90,1.5,6,0
90,1.5,7,1
90,1.5,8,2
90,1.5,9,3
90,1.5,10,4
90,1.5,11,0
90,1.5,12,1
90,1.5,13,0
90,1.5,14,1
90,1.5,15,2
90,1.5,16,3
90,1.5,17,4
90,1.5,18,5
90,1.5,19,0
90,1.5,20,1
91,1,1,7
91,1,2,8
91,1,3,0
91,1,4,1
91,1,5,2
91,1,6,3
91,1,7,0
91,1,8,1
91,1,9,2
91,1,10,0
91,1,11,1
91,1,12,2
91,1,13,3
91,1,14,4
91,1,15,5
91,1,16,0
91,1,17,1
91,1,18,2
91,1,19,0
91,1,20,1
92,0.9,1,1
92,0.9,2,2
92,0.9,3,3
92,0.9,4,4
92,0.9,5,0
92,0.9,6,1
92,0.9,7,2
92,0.9,8,3
92,0.9,9,4
92,0.9,10,5
92,0.9,11,6
92,0.9,12,7
92,0.9,13,0
92,0.9,14,1
92,0.9,15,2
92,0.9,16,0
92,0.9,17,1
92,0.9,18,2
92,0.9,19,3
92,0.9,20,0
93,0.5,1,2
93,0.5,2,0
93,0.5,3,1
93,0.5,4,2
93,0.5,5,3
93,0.5,6,4
93,0.5,7,5
93,0.5,8,6
93,0.5,9,7
93,0.5,10,8
93,0.5,11,9
93,0.5,12,0
93,0.5,13,1
93,0.5,14,0
93,0.5,15,1
93,0.5,16,2
93,0.5,17,3
93,0.5,18,4
93,0.5,19,5
93,0.5,20,6
94,1,1,7
94,1,2,0
94,1,3,1
94,1,4,2
94,1,5,3
94,1,6,0
94,1,7,1
94,1,8,2
94,1,9,3
94,1,10,4
94,1,11,0
94,1,12,1
94,1,13,2
94,1,14,0
94,1,15,1
94,1,16,2
94,1,17,3
94,1,18,0
94,1,19,1
94,1,20,2
95,1.4,1,8
95,1.4,2,0
95,1.4,3,1
95,1.4,4,2
95,1.4,5,3
95,1.4,6,0
95,1.4,7,1
95,1.4,8,2
95,1.4,9,3
95,1.4,10,0
95,1.4,11,1
95,1.4,12,2
95,1.4,13,3
95,1.4,14,0
95,1.4,15,1
95,1.4,16,2
95,1.4,17,0
95,1.4,18,1
95,1.4,19,2
95,1.4,20,0
96,0.3,1,0
96,0.3,2,1
96,0.3,3,2
96,0.3,4,3
96,0.3,5,0
96,0.3,6,1
96,0.3,7,2
96,0.3,8,3
96,0.3,9,4
96,0.3,10,5
96,0.3,11,6
96,0.3,12,0
96,0.3,13,1
96,0.3,14,2
96,0.3,15,3
96,0.3,16,4
96,0.3,17,5
96,0.3,18,6
96,0.3,19,7
96,0.3,20,0
97,0.3,1,3
97,0.3,2,4
97,0.3,3,5
97,0.3,4,6
97,0.3,5,7
97,0.3,6,0
97,0.3,7,1
97,0.3,8,2
97,0.3,9,3
97,0.3,10,4
97,0.3,11,0
97,0.3,12,1
97,0.3,13,2
97,0.3,14,3
97,0.3,15,0
97,0.3,16,1
97,0.3,17,2
97,0.3,18,3
97,0.3,19,4
97,0.3,20,0
98,0.3,1,0
98,0.3,2,1
98,0.3,3,2
98,0.3,4,3
98,0.3,5,0
98,0.3,6,1
98,0.3,7,0
98,0.3,8,1
98,0.3,9,2
98,0.3,10,3
98,0.3,11,0
98,0.3,12,1
98,0.3,13,2
98,0.3,14,3
98,0.3,15,4
98,0.3,16,5
98,0.3,17,6
98,0.3,18,0
98,0.3,19,0
98,0.3,20,1
99,0.3,1,8
99,0.3,2,9
99,0.3,3,10
99,0.3,4,0
99,0.3,5,1
99,0.3,6,2
99,0.3,7,3
99,0.3,8,4
99,0.3,9,0
99,0.3,10,1
99,0.3,11,2
99,0.3,12,3
99,0.3,13,4
99,0.3,14,5
99,0.3,15,0
99,0.3,16,1
99,0.3,17,2
99,0.3,18,3
99,0.3,19,4
99,0.3,20,5
100,0.8,1,3
100,0.8,2,0
100,0.8,3,1
100,0.8,4,2
100,0.8,5,0
100,0.8,6,1
100,0.8,7,2
100,0.8,8,3
100,0.8,9,4
100,0.8,10,0
100,0.8,11,1
100,0.8,12,0
100,0.8,13,1
100,0.8,14,2
100,0.8,15,3
100,0.8,16,4
100,0.8,17,0
100,0.8,18,1
100,0.8,19,2
100,0.8,20,0
